<?xml version="1.0" encoding="UTF-8"?>
<project-private xmlns="http://www.netbeans.org/ns/project-private/1">
    <editor-bookmarks xmlns="http://www.netbeans.org/ns/editor-bookmarks/2" lastBookmarkId="0"/>
    <open-files xmlns="http://www.netbeans.org/ns/projectui-open-files/2">
        <group>
            <file>file:/E:/Sexto%20Semestre/Lab%20Software%20Engineering%20ll/polimorfismo/src/figuras/Circle.java</file>
            <file>file:/E:/Sexto%20Semestre/Lab%20Software%20Engineering%20ll/polimorfismo/src/figuras/Figure.java</file>
            <file>file:/E:/Sexto%20Semestre/Lab%20Software%20Engineering%20ll/polimorfismo/src/figuras/Square.java</file>
            <file>file:/E:/Sexto%20Semestre/Lab%20Software%20Engineering%20ll/polimorfismo/src/figuras/Triangle.java</file>
            <file>file:/E:/Sexto%20Semestre/Lab%20Software%20Engineering%20ll/polimorfismo/src/main/Principal.java</file>
            <file>file:/E:/Sexto%20Semestre/Lab%20Software%20Engineering%20ll/polimorfismo/src/pruebas/TestFiguras.java</file>
        </group>
    </open-files>
</project-private>
